date,cases,deaths,pos_log,death_log,pos_diff,death_diff,pos_diff_diff,pos_log_diff,box_cox,death_diff_diff
2020-01-23,1,0,0,-Inf,0,0,0,0,0,0
2020-01-24,2,0,0.6931471805599453,-Inf,1,0,1,0.6931471805599453,0.8370585765136728,0
2020-01-25,3,0,1.0986122886681098,-Inf,1,0,0,0.4054651081081645,1.4891467600408022,0
2020-01-26,5,0,1.6094379124341003,-Inf,2,0,1,0.5108256237659905,2.5367944423599034,0
2020-01-27,5,0,1.6094379124341003,-Inf,0,0,-2,0,2.5367944423599034,0
2020-01-28,5,0,1.6094379124341003,-Inf,0,0,0,0,2.5367944423599034,0
2020-01-29,5,0,1.6094379124341003,-Inf,0,0,0,0,2.5367944423599034,0
2020-01-30,6,0,1.791759469228055,-Inf,1,0,1,0.18232155679395468,2.9846508980341797,0
2020-01-31,7,0,1.9459101490553132,-Inf,1,0,0,0.15415067982725827,3.39845360018733,0
2020-02-01,8,0,2.0794415416798357,-Inf,1,0,0,0.13353139262452252,3.7851763894521975,0
2020-02-02,11,0,2.3978952727983707,-Inf,3,0,2,0.3184537311185349,4.825406477721866,0
2020-02-03,11,0,2.3978952727983707,-Inf,0,0,-3,0,4.825406477721866,0
2020-02-04,11,0,2.3978952727983707,-Inf,0,0,0,0,4.825406477721866,0
2020-02-05,12,0,2.4849066497880004,-Inf,1,0,1,0.08701137698962969,5.141411594655324,0
2020-02-06,12,0,2.4849066497880004,-Inf,0,0,-1,0,5.141411594655324,0
2020-02-07,12,0,2.4849066497880004,-Inf,0,0,0,0,5.141411594655324,0
2020-02-08,12,0,2.4849066497880004,-Inf,0,0,0,0,5.141411594655324,0
2020-02-09,12,0,2.4849066497880004,-Inf,0,0,0,0,5.141411594655324,0
2020-02-10,13,0,2.5649493574615367,-Inf,1,0,1,0.08004270767353638,5.445217239623383,0
2020-02-11,13,0,2.5649493574615367,-Inf,0,0,-1,0,5.445217239623383,0
2020-02-12,14,0,2.6390573296152584,-Inf,1,0,1,0.07410797215372167,5.738182530613438,0
2020-02-13,15,0,2.70805020110221,-Inf,1,0,0,0.06899287148695166,6.021430034156288,0
2020-02-14,15,0,2.70805020110221,-Inf,0,0,-1,0,6.021430034156288,0
2020-02-15,15,0,2.70805020110221,-Inf,0,0,0,0,6.021430034156288,0
2020-02-16,15,0,2.70805020110221,-Inf,0,0,0,0,6.021430034156288,0
2020-02-17,25,0,3.2188758248682006,-Inf,10,0,10,0.5108256237659905,8.472948245411777,0
2020-02-18,25,0,3.2188758248682006,-Inf,0,0,-10,0,8.472948245411777,0
2020-02-19,25,0,3.2188758248682006,-Inf,0,0,0,0,8.472948245411777,0
2020-02-20,27,0,3.295836866004329,-Inf,2,0,2,0.07696104113612856,8.90304717378086,0
2020-02-21,30,0,3.4011973816621555,-Inf,3,0,1,0.10536051565782634,9.520942027714069,0
2020-02-22,30,0,3.4011973816621555,-Inf,0,0,-3,0,9.520942027714069,0
2020-02-23,30,0,3.4011973816621555,-Inf,0,0,0,0,9.520942027714069,0
2020-02-24,43,0,3.7612001156935624,-Inf,13,0,13,0.3600027340314069,11.911613729205323,0
2020-02-25,45,0,3.8066624897703196,-Inf,2,0,-11,0.04546237407675724,12.247143614005587,0
2020-02-26,60,0,4.0943445622221,-Inf,15,0,13,0.2876820724517808,14.567808655035398,0
2020-02-27,60,0,4.0943445622221,-Inf,0,0,-15,0,14.567808655035398,0
2020-02-28,65,0,4.174387269895637,-Inf,5,0,5,0.08004270767353638,15.278720428039788,0
2020-02-29,70,1,4.248495242049359,0,5,1,0,0.07410797215372256,15.964265538527732,1
2020-03-01,88,3,4.477336814478207,1.0986122886681098,18,2,13,0.2288415724288475,18.25878843987597,1
2020-03-02,104,6,4.6443908991413725,1.791759469228055,16,3,-2,0.16705408466316563,20.117885814129803,1
2020-03-03,125,10,4.8283137373023015,2.302585092994046,21,4,5,0.18392283816092903,22.363676396292792,1
2020-03-04,161,12,5.081404364984463,2.4849066497880004,36,2,15,0.2530906276821616,25.833358646222766,-2
2020-03-05,228,12,5.429345628954441,2.4849066497880004,67,0,31,0.34794126396997793,31.427693091933257,-2
2020-03-06,311,15,5.739792912179234,2.70805020110221,83,3,16,0.31044728322479287,37.36549859717661,3
2020-03-07,428,19,6.059123195581797,2.9444389791664403,117,4,34,0.31933028340256264,44.57897855339293,1
2020-03-08,547,22,6.304448802421981,3.091042453358316,119,3,2,0.24532560684018456,51.00889484898621,-1
2020-03-09,748,26,6.617402977974478,3.258096538021482,201,4,82,0.3129541755524965,60.51868678341187,1
2020-03-10,1018,31,6.925595197110468,3.4339872044851463,270,5,69,0.30819221913599026,71.5530012227231,1
2020-03-11,1263,37,7.141245122350491,3.6109179126442243,245,6,-25,0.21564992524002324,80.41466783801037,1
2020-03-12,1668,43,7.419380582918692,3.7612001156935624,405,6,160,0.27813546056820115,93.44086538490475,0
2020-03-13,2224,50,7.707062655370473,3.912023005428146,556,7,151,0.2876820724517808,109.0868621081172,1
2020-03-14,2898,60,7.971776122880628,4.0943445622221,674,10,118,0.26471346751015457,125.74263315916963,3
2020-03-15,3600,68,8.1886891244442,4.219507705176107,702,8,28,0.21691300156357318,141.23803522804832,-2
2020-03-16,4507,91,8.413387022690648,4.51085950651685,907,23,205,0.22469789824644693,159.27603730972592,15
2020-03-17,5906,117,8.683724062303869,4.762173934797756,1399,26,492,0.27033703961322075,184.01558788102864,3
2020-03-18,8350,162,9.030016817844901,5.087596335232384,2444,45,1045,0.34629275554103245,221.3316937023522,19
2020-03-19,12393,212,9.424887076064874,5.356586274672012,4043,50,1599,0.39487025821997257,273.1047516299794,5
2020-03-20,18012,277,9.798793481421463,5.6240175061873385,5619,65,1576,0.37390640535658903,333.1547774463638,15
2020-03-21,24528,360,10.107570601111595,5.886104031450156,6516,83,897,0.30877711969013255,392.5126006995146,18
2020-03-22,33073,458,10.406472518522957,6.126869184114185,8545,98,2029,0.29890191741136185,459.9708164072242,15
2020-03-23,43505,579,10.680631153000125,6.361302477572996,10432,121,1887,0.2741586344771676,531.9437477585751,23
2020-03-24,53938,785,10.89559051777123,6.665683717782408,10433,206,1,0.2149593647711061,596.1358437169072,85
2020-03-25,68572,1054,11.135639567127372,6.960347729101308,14634,269,4201,0.24004904935614135,676.984789898638,63
2020-03-26,85570,1353,11.357090033412101,7.210079628170788,16998,299,2364,0.22145046628472898,761.2297175946071,30
2020-03-27,102900,1770,11.541512921822141,7.478734825567875,17330,417,332,0.1844228884100403,839.3136462078351,118
2020-03-28,123966,2300,11.727762613440863,7.7406644019172415,21066,530,3736,0.1862496916187215,926.2824841954371,113
2020-03-29,142486,2718,11.86699902825039,7.907651594711089,18520,418,-2546,0.13923641480952753,997.1224652772129,-112
2020-03-30,163955,3368,12.007347278910542,8.122074375362217,21469,650,2949,0.14034825066015166,1074.0007748189294,232
2020-03-31,188461,4304,12.146646367912433,8.36730010184162,24506,936,3037,0.13929908900189147,1156.1532121477858,286
2020-04-01,215391,5325,12.280210260101697,8.580167990577626,26930,1021,2424,0.13356389218926346,1240.8080888139166,85
2020-04-02,245108,6541,12.409454208722421,8.785845337961213,29717,1216,2787,0.12924394862072397,1328.6117589383782,195
2020-04-03,277426,7932,12.533309509940082,8.978660489639687,32318,1391,2601,0.1238553012176613,1418.5701778667235,175
2020-04-04,312525,9488,12.652439744958764,9.157783121237507,35099,1556,2781,0.11913023501868203,1510.8305017287964,165
2020-04-05,338141,10856,12.731218247241527,9.292473201514705,25616,1368,-9483,0.07877850228276273,1575.1083629598838,-188
2020-04-06,369057,12382,12.81870638263788,9.423999084079178,30916,1526,5300,0.08748813539635236,1649.6985538392785,158
2020-04-07,399394,14616,12.897703677317212,9.589872098057842,30337,2234,-579,0.0789972946793327,1720.0761265467258,708
2020-04-08,431214,16701,12.974359765582333,9.723223876851618,31820,2085,1483,0.07665608826512127,1791.2336849807452,-149
2020-04-09,465913,18821,13.05175420039908,9.842728546690564,34699,2120,2879,0.07739443481674613,1866.0601098741367,35
2020-04-10,499386,21084,13.121134622794491,9.956269737975097,33473,2263,-1226,0.06938042239541176,1935.7888815008657,143
2020-04-11,531106,23168,13.182716903654152,10.050527295185443,31720,2084,-1753,0.06158228085966044,1999.8578472309791,-179
2020-04-12,558249,24849,13.232560378388664,10.120572789266374,27143,1681,-4577,0.04984347473451223,2053.26195901172,-403
2020-04-13,584018,26613,13.277687083253186,10.189155097188696,25769,1764,-1374,0.04512670486452208,2102.8402169960173,83
2020-04-14,610709,29318,13.322375856289469,10.285956940849976,26691,2705,922,0.044688773036282825,2153.1159164388773,941
2020-04-15,640742,32070,13.370382158779666,10.375676292687201,30033,2752,3342,0.04800630249019733,2208.462657280646,47
2020-04-16,672355,34419,13.418541753827324,10.446364016467253,31613,2349,1580,0.04815959504765743,2265.4144457050434,-403
2020-04-17,703864,36708,13.464340434659986,10.510749993938903,31509,2289,-104,0.0457986808326627,2320.9350053942712,-60
2020-04-18,732262,38659,13.503893652401382,10.562534885899066,28398,1951,-3111,0.039553217741396196,2369.9772400015327,-338
2020-04-19,757596,40179,13.537905541009021,10.601099750055232,25334,1520,-3064,0.034011888607638596,2412.975945036853,-431
2020-04-20,784991,42016,13.573427531730669,10.645805777102522,27395,1837,2061,0.03552199072164797,2458.7161715448465,317
2020-04-21,810505,44688,13.605412789170302,10.707460288184958,25514,2672,-1881,0.031985257439632875,2500.6431003916528,835
2020-04-22,839336,47059,13.640366382037975,10.759157412586816,28831,2371,3317,0.03495359286767297,2547.278340979993,-301
2020-04-23,873112,49228,13.67981911983456,10.804217846292227,33776,2169,4945,0.039452737796585424,2600.961242760191,-202
2020-04-24,909853,51360,13.721038326982752,10.846614938363842,36741,2132,2965,0.04121920714819183,2658.2557031715137,-37
2020-04-25,944261,53327,13.75815788996409,10.884198048496515,34408,1967,-2333,0.03711956298133856,2710.9301580793954,-165
2020-04-26,970996,54580,13.786077627800507,10.90742279426233,26735,1253,-7673,0.027919737836416658,2751.2357976943804,-714
2020-04-27,994193,56022,13.80968663178107,10.93349974971198,23197,1442,-3538,0.023609003980562093,2785.785285155035,189
2020-04-28,1018844,58416,13.83417920921925,10.975345103895418,24651,2394,1454,0.02449257743818123,2822.0860788532286,952
2020-04-29,1045399,60930,13.859909188688853,11.017480943242541,26555,2514,1904,0.025729979469602426,2860.7300850209062,120
2020-04-30,1075756,63140,13.888534228189359,11.053109762111983,30357,2210,3802,0.028625039500505878,2904.3439287389797,-304
2020-05-01,1109726,64902,13.919623695969973,11.080633718858344,33970,1762,3613,0.031089467780613944,2952.4657247298505,-448
2020-05-02,1139200,66485,13.94583681963985,11.104731637290806,29474,1583,-4496,0.02621312366987638,2993.658284129296,-179
2020-05-03,1165340,67816,13.968523447896889,11.124553434288242,26140,1331,-3334,0.022686628257039487,3029.772493436318,-252
2020-05-04,1187302,68905,13.987194064146696,11.140484023309245,21962,1089,-4178,0.018670616249806926,3059.8200966931518,-242
2020-05-05,1211011,71139,14.006966105896122,11.17239098861422,23709,2234,1747,0.019772041749426705,3091.965025330701,1145
2020-05-06,1235517,73847,14.027000063927632,11.20975066425017,24506,2708,797,0.02003395803150987,3124.8800125467474,474
2020-05-07,1263995,75805,14.049787897984913,11.235919532515682,28478,1958,3972,0.02278783405728113,3162.7454022923807,-750
2020-05-08,1291643,77380,14.07142560935297,11.256483628254504,27648,1575,-830,0.021637711368056145,3199.12402585619,-383
2020-05-09,1316511,78834,14.090495613371631,11.275099654869877,24868,1454,-2780,0.01907000401866199,3231.5321996110843,-121
2020-05-10,1336828,79766,14.105810201585559,11.28685262748344,20317,932,-4551,0.015314588213927394,3257.795694470899,-522
2020-05-11,1354449,80748,14.118905287528213,11.299088472976319,17621,982,-2696,0.01309508594265374,3280.4220156695474,50
2020-05-12,1376749,82400,14.13523548077618,11.319340715897564,22300,1652,4679,0.016330193247966918,3308.8582847182593,670
2020-05-13,1397894,84168,14.150477376297495,11.340570080488124,21145,1768,-1155,0.015241895521315385,3335.621701739663,116
2020-05-14,1424856,85906,14.169581313947148,11.361008954194277,26962,1738,5817,0.019103937649653346,3369.4722547251436,-30
2020-05-15,1451093,87499,14.187827623540873,11.37938264370897,26237,1593,-725,0.01824630959372442,3402.123669109682,-145
2020-05-16,1474752,88724,14.204000398026464,11.39328570667068,23659,1225,-2578,0.01617277448559129,3431.3287999940576,-368
2020-05-17,1493766,89568,14.216811005901663,11.40275339231518,19014,844,-4645,0.012810607875199054,3454.64020229331,-381
2020-05-18,1515593,90414,14.231317339483033,11.412154401646209,21827,846,2813,0.014506333581369546,3481.2284633515924,2
2020-05-19,1536570,91934,14.2450632176015,11.428826207278552,20977,1520,-850,0.013745878118466948,3506.6116014844565,674
2020-05-20,1559640,93411,14.259965583363634,11.444764390301508,23070,1477,2093,0.01490236576213455,3534.339330149066,-43
2020-05-21,1585373,94722,14.276330268837752,11.458701564759782,25733,1311,2663,0.016364685474117735,3565.040395437728,-166
2020-05-22,1609172,96010,14.291230318956103,11.472207631691669,23799,1288,-1934,0.01490005011835116,3593.225489567717,-23
2020-05-23,1631440,97060,14.304973618366228,11.483084622959208,22268,1050,-1531,0.013743299410124976,3619.419869665753,-238
2020-05-24,1651471,97680,14.31717696386468,11.489452108784587,20031,620,-2237,0.012203345498452478,3642.8390678562496,-430
2020-05-25,1670571,98190,14.328676042120591,11.494659656163336,19100,510,-931,0.011499078255910788,3665.0452980330274,-110
2020-05-26,1689467,98937,14.339923652539685,11.502238562915084,18896,747,-204,0.011247610419093945,3686.8967949841785,237
2020-05-27,1708211,100422,14.350957182000437,11.517136585741692,18744,1485,-152,0.011033529460751978,3708.458897806655,738
2020-05-28,1730723,101622,14.364049798245253,11.529015326119175,22512,1200,3768,0.013092616244815503,3734.208511801802,-285
2020-05-29,1755271,102812,14.378133818915602,11.540657356708119,24548,1190,2036,0.014084020670349418,3762.1074939910327,-10
2020-05-30,1778668,103775,14.391375327534394,11.54998037292124,23397,963,-1151,0.013241508618792253,3788.5275309658837,-227
2020-05-31,1799302,104379,14.40290936988337,11.55578378477213,20634,604,-2763,0.011534042348975149,3811.6918293895533,-359
2020-06-01,1821199,105113,14.4150056333541,11.562791240938022,21897,734,1263,0.012096263470731117,3836.137357229546,130
2020-06-02,1841990,106195,14.426357066901003,11.573032305702347,20791,1082,-1106,0.011351433546902712,3859.220150556716,348
2020-06-03,1861977,107184,14.437149384433514,11.58230226274805,19987,989,-804,0.010792317532510864,3881.2947226838005,-93
2020-06-04,1883593,108192,14.448691681056673,11.591662705507613,21616,1008,1629,0.011542296623158421,3905.042981765425,19
2020-06-05,1912302,109304,14.463818309911524,11.601888270018323,28709,1112,7093,0.015126628854851276,3936.3860298966083,104
2020-06-06,1934818,110032,14.475523823174852,11.608526511559617,22516,728,-6193,0.011705513263327916,3960.8128450760587,-384
2020-06-07,1953434,110422,14.485099407393337,11.612064668334753,18616,390,-3900,0.009575584218485034,3980.907589004464,-338
2020-06-08,1971641,111144,14.494376748890303,11.618581936828697,18207,722,-409,0.009277341496966685,4000.4736421156076,332
2020-06-09,1990446,112174,14.50386929219242,11.627806516162149,18805,1030,598,0.009492543302116019,4020.5930541281227,308
2020-06-10,2013298,113103,14.515284731420017,11.636054186951364,22852,929,4047,0.011415439227597801,4044.9220266871757,-101
2020-06-11,2036500,113980,14.526743206070604,11.64377827338899,23202,877,350,0.011458474650586581,4069.4906996080244,-52
2020-06-12,2061993,114759,14.539183548790913,11.650589556219762,25493,779,2291,0.012440342720308806,4096.33355168309,-98
2020-06-13,2087327,115451,14.55139485802139,11.656601476503466,25334,692,-159,0.01221130923047653,4122.854324280368,-87
2020-06-14,2106457,115768,14.560517947185502,11.659343467417829,19130,317,-6204,0.009123089164113196,4142.779982788186,-375
2020-06-15,2126574,116216,14.570022792035791,11.66320580755272,20117,448,987,0.009504844850289018,4163.641819478089,131
2020-06-16,2151459,116985,14.581656774606985,11.669801000432708,24885,769,4768,0.011633982571193968,4189.319800056441,321
2020-06-17,2177114,117746,14.593510704486443,11.676285041025652,25655,761,770,0.011853929879457326,4215.646050520663,-8
2020-06-18,2205173,118473,14.606316521835298,11.682440365494735,28059,727,2404,0.012805817348855442,4244.272182090257,-34
2020-06-19,2236009,119171,14.62020313829375,11.688314715423312,30836,698,2777,0.013886616458451684,4275.533961278126,-29
2020-06-20,2268034,119717,14.63442393489907,11.692885903182903,32025,546,1189,0.014220796605320274,4307.786601531458,-152
2020-06-21,2294413,119974,14.645987595340703,11.695030331621902,26379,257,-5646,0.011563660441632706,4334.192073104861,-289
2020-06-22,2324879,120334,14.659178552638556,11.698026488797767,30466,360,4087,0.013190957297853245,4364.51105291753,103
2020-06-23,2359939,121167,14.674146329210114,11.704925038315455,35060,833,4594,0.014967776571557678,4399.170828795468,473
2020-06-24,2396928,121934,14.689698475418451,11.711235193724407,36989,767,1929,0.015552146208337447,4435.47526147112,-66
2020-06-25,2438101,124400,14.706730015564771,11.731257459287216,41173,2466,4184,0.017031540146319912,4475.576795726813,1699
2020-06-26,2483629,125033,14.72523135500319,11.73633298144257,45528,633,4355,0.01850133943841925,4519.549814955772,-1833
2020-06-27,2525928,125544,14.742119077923395,11.740411573718557,42299,511,-3229,0.01688772292020424,4560.06456924573,-122
2020-06-28,2565436,125815,14.75763900264878,11.742567853024267,39508,271,-2791,0.015519924725385437,4597.617929849994,-240
2020-06-29,2604932,126162,14.772917129182066,11.745322074396489,39496,347,-12,0.01527812653328553,4634.888148461809,76
2020-06-30,2653321,127462,14.791322620900447,11.755573559942418,48389,1300,8893,0.01840549171838113,4680.188696909918,953
2020-07-01,2703296,128104,14.809982327217151,11.760597713002312,49975,642,1586,0.018659706316704217,4726.566741734527,-658
2020-07-02,2758855,128827,14.830326296544696,11.766225698012844,55559,723,5584,0.020343969327544897,4777.6545836079295,81
2020-07-03,2816009,129418,14.85083119227769,11.770802754929804,57154,591,1595,0.0205048957329943,4829.705096800504,-132
2020-07-04,2866015,129679,14.868433121131854,11.772817445090498,50006,261,-7148,0.017601928854164228,4874.838510335608,-330
2020-07-05,2910782,129941,14.88393233156897,11.774835780264537,44767,262,-5239,0.015499210437114996,4914.92924331003,1
2020-07-06,2958098,130332,14.900057052197656,11.777840320068035,47316,391,2549,0.016124720628686973,4956.987777317963,129
2020-07-07,3012182,131290,14.918175291043205,11.785163895928155,54084,958,6768,0.018118238845548973,5004.6754449664995,567
2020-07-08,3071637,132238,14.937721202205276,11.792358608363598,59455,948,5371,0.01954591116207105,5056.63513420044,-10
2020-07-09,3131526,133079,14.957030983643458,11.798698215827054,59889,841,434,0.019309781438181517,5108.496609021737,-107
2020-07-10,3199753,133907,14.978584177290847,11.804900808132095,68227,828,8338,0.021553193647388724,5167.011549800505,-13
2020-07-11,3260474,134582,14.99738314154652,11.809928957681075,60721,675,-7506,0.018798964255672956,5218.595794748256,-153
2020-07-12,3318279,134977,15.014956832996706,11.812859672535517,57805,395,-2916,0.0175736914501865,5267.283357960972,-280
2020-07-13,3379846,135402,15.033340704291039,11.816003410399965,61567,425,3762,0.01838387129433272,5318.701532920536,30
2020-07-14,3445448,136356,15.052564497516332,11.82302439170601,65602,954,4035,0.01922379322529366,5373.005643496066,529
2020-07-15,3513790,137327,15.072205784987247,11.830120222095301,68342,971,2740,0.019641287470914648,5429.061585613689,17
2020-07-16,3589477,138285,15.093517067400489,11.837072051900805,75687,958,7345,0.021311282413241983,5490.5451563574225,-13
2020-07-17,3660400,139186,15.11308298902336,11.843566447111836,70923,901,-4764,0.01956592162287052,5547.606008112523,-57
2020-07-18,3722851,139961,15.130000330565926,11.849119091354643,62451,775,-8472,0.016917341542566078,5597.420346687408,-126
2020-07-19,3785126,140373,15.146589733599477,11.852058444388044,62275,412,-176,0.016589403033551164,5646.703255308512,-363
2020-07-20,3845014,140904,15.16228780200758,11.855834086412132,59888,531,-2387,0.015698068408102728,5693.737607485205,119
2020-07-21,3910291,142031,15.179122353744608,11.863800622616424,65277,1127,5389,0.016834551737028747,5744.61236285811,596
2020-07-22,3980030,143167,15.196799914920655,11.871767060024334,69739,1136,4462,0.017677561176046908,5798.52393183606,9
2020-07-23,4050036,144283,15.214236327932104,11.879531927703995,70006,1116,267,0.017436413011449048,5852.195521857954,-20
2020-07-24,4123561,145429,15.232227668404283,11.887443273987763,73525,1146,3519,0.017991340472178763,5908.095889211803,30
2020-07-25,4190337,146313,15.248291718258306,11.893503441570443,66776,884,-6749,0.01606404985402321,5958.458955236639,-262
2020-07-26,4244554,146753,15.261147307425798,11.896506180411542,54217,440,-12559,0.012855589167491743,5999.072028100051,-444
2020-07-27,4303735,148449,15.274993808296237,11.907996743894378,59181,1696,4964,0.013846500870439371,6043.12517007702,1256
2020-07-28,4366851,149776,15.289552712352753,11.916896123611526,63116,1327,3935,0.014558904056515942,6089.79367288413,-369
2020-07-29,4433633,151172,15.304729896224464,11.92617354039349,66782,1396,3666,0.015177183871710298,6138.827674705933,69
2020-07-30,4502581,152433,15.320161345875983,11.934480434227341,68948,1261,2166,0.015431449651519102,6189.087833895515,-135
2020-07-31,4571669,153862,15.335388904075685,11.943811375758546,69088,1429,140,0.015227558199702784,6239.08715406418,168
2020-08-01,4628497,154917,15.347742751331042,11.950644768607726,56828,1055,-12260,0.012353847255356598,6279.9472491141505,-374
2020-08-02,4679291,155337,15.358657160690697,11.95335222931129,50794,420,-6034,0.010914409359655153,6316.2689510965565,-635
2020-08-03,4726775,155945,15.368753709742574,11.957258659963776,47484,608,-3310,0.010096549051876735,6350.055892495958,188
2020-08-04,4780324,157301,15.380018884597293,11.965916446305247,53549,1356,6065,0.011265174854719007,6387.966807819653,748
2020-08-05,4834047,158554,15.391194562995155,11.973850508282757,53723,1253,174,0.011175678397862043,6425.800113351425,-103
2020-08-06,4891561,159625,15.40302203341415,11.98058259333484,57514,1071,3791,0.011827470418994679,6466.083957335066,-182
2020-08-07,4952718,160981,15.415447074758712,11.989041624580226,61157,1356,3643,0.012425041344561905,6508.675054238979,285
2020-08-08,5007958,161947,15.426538805145434,11.995024400192024,55240,966,-5917,0.011091730386722176,6546.932644417454,-390
2020-08-09,5056438,162486,15.436172840803525,11.99834712319432,48480,539,-6760,0.009634035658091733,6580.344742208374,-427
2020-08-10,5103611,163023,15.44545888636873,12.001646574129103,47173,537,-1307,0.009286045565204404,6612.711298329482,-2
2020-08-11,5156968,164474,15.455859367855806,12.010507781984355,53357,1451,6184,0.010400481487076618,6649.151214804205,914
2020-08-12,5211246,165952,15.466329540606688,12.019453868898337,54278,1478,921,0.010470172750881801,6686.038079463305,27
2020-08-13,5265307,167165,15.476650011441917,12.026736627576586,54061,1213,-217,0.01032047083522869,6722.5977415194,-265
2020-08-14,5324784,168341,15.487882705356766,12.03374696310672,59477,1176,5416,0.011232693914848824,6762.616068912848,-37
2020-08-15,5375527,169400,15.497367173683383,12.04001806120009,50743,1059,-8734,0.00948446832661709,6796.591436930125,-117
2020-08-16,5417664,169914,15.505175284200261,12.04304770567781,42137,514,-8606,0.007808110516878131,6824.689767842419,-545
2020-08-17,5455187,170449,15.512077457138373,12.046191410725724,37523,535,-4614,0.006902172938112017,6849.6246705273015,21
2020-08-18,5498420,171798,15.519971336204712,12.054074647020991,43233,1349,5710,0.007893879066338982,6878.253893375738,814
2020-08-19,5541433,173093,15.527763689535563,12.06158430129405,43013,1295,-220,0.007792353330851043,6906.632234310507,-54
2020-08-20,5587462,174136,15.53603571698598,12.067591882094673,46029,1043,3016,0.008272027450416886,6936.885553507475,-252
2020-08-21,5636491,175297,15.544772266729886,12.074236957243208,49029,1161,3000,0.008736549743906252,6968.981635338339,118
2020-08-22,5681517,176247,15.552728832503286,12.079641699253056,45026,950,-4003,0.00795656577339976,6998.341390747852,-211
2020-08-23,5713850,176693,15.558403610115718,12.082169042356137,32333,446,-12693,0.00567477761243218,7019.356857663083,-504
2020-08-24,5754254,177197,15.565449965324074,12.08501738698723,40404,504,8071,0.007046355208355948,7045.539531133389,58
2020-08-25,5793437,178410,15.572236283104498,12.091839551368748,39183,1213,-1221,0.006786317780424156,7070.848258221961,709
2020-08-26,5838756,179603,15.58002831841514,12.09850413849692,45319,1193,6136,0.007792035310641765,7100.019794452149,-20
2020-08-27,5884366,180729,15.587809561352241,12.10475395069868,45610,1126,291,0.0077812429371011405,7129.270994567649,-67
2020-08-28,5930930,181739,15.595691588357015,12.110326870868182,46564,1010,954,0.007882027004773917,7159.023893703793,-116
2020-08-29,5975540,182610,15.60318502826717,12.11510801015608,44610,871,-1954,0.00749343991015472,7187.42506212116,-139
2020-08-30,6008970,182984,15.60876391079237,12.117153996307195,33430,374,-11180,0.005578882525199447,7208.642919400987,-497
2020-08-31,6045455,183472,15.61481730801568,12.119817346278086,36485,488,3055,0.0060533972233098865,7231.736314421284,114
2020-09-01,6089504,184563,15.622077191377466,12.12574614759199,44049,1091,7564,0.007259883361786734,7259.529954559715,603
2020-09-02,6121948,185639,15.627390904495197,12.131559206570511,32444,1076,-11605,0.005313713117731211,7279.940566052782,-15
2020-09-03,6168342,186717,15.634940640158966,12.137349380553264,46394,1078,13950,0.007549735663769042,7309.038710852553,2
2020-09-04,6220446,187697,15.643352166324805,12.142584239495353,52104,980,5710,0.008411526165838623,7341.5953266532615,-98
2020-09-05,6262700,188409,15.650121959993054,12.146370410684053,42254,712,-9850,0.006769793668249591,7367.902920477616,-268
2020-09-06,6292699,188820,15.654900630441887,12.148549459286508,29999,411,-12255,0.0047786704488324006,7386.52968064767,-301
2020-09-07,6317865,189083,15.65889189259451,12.149941351081283,25166,263,-4833,0.003991262152624131,7402.123281453118,-148
2020-09-08,6346806,189541,15.663462252199915,12.15236063894147,28941,458,3775,0.004570359605404306,7420.019802408726,195
2020-09-09,6380138,190716,15.668700285181089,12.15854068948482,33332,1175,4391,0.005238032981173646,7440.583990624312,717
2020-09-10,6418198,191631,15.67464795090838,12.163326926838531,38060,915,4728,0.005947665727290996,7464.003240740818,-260
2020-09-11,6465766,192858,15.6820320473148,12.169709445793867,47568,1227,9508,0.0073840964064206815,7493.181078293516,312
2020-09-12,6504870,193559,15.688061685101838,12.173337654537224,39104,701,-8464,0.006029637787037245,7517.091404053223,-526
2020-09-13,6538213,193958,15.693174444505882,12.175396919761713,33343,399,-5761,0.005112759404044098,7537.42563060883,-302
2020-09-14,6575100,194408,15.69880034503792,12.17771432242512,36887,450,3544,0.005625900532038486,7559.86425106889,51
2020-09-15,6614317,195689,15.704747100011561,12.184281943322041,39217,1281,2330,0.005946754973640722,7583.655191158778,831
2020-09-16,6653585,196686,15.710666365115413,12.18936382746691,39268,997,51,0.0059192651038522115,7607.410486560486,-284
2020-09-17,6698895,197535,15.717453145386376,12.193671062812431,45310,849,6042,0.006786780270962467,7634.738869244068,-148
2020-09-18,6747782,198484,15.724724416257745,12.198463771326658,48887,949,3577,0.00727127087136914,7664.127071683239,100
2020-09-19,6789593,199154,15.730901556648503,12.201833673770874,41811,670,-7076,0.006177140390757785,7689.181972716011,-279
2020-09-20,6825949,199367,15.73624193698812,12.202902626324352,36356,213,-5455,0.005340380339617923,7710.908908066845,-457
2020-09-21,6880899,199797,15.744259869977778,12.205057130068848,54950,430,18594,0.008017932989657695,7743.644571475455,217
2020-09-22,6918290,200738,15.7496791872306,12.209755854181763,37391,941,-17559,0.0054193172528211875,7765.849247358939,511
2020-09-23,6959841,201828,15.75566718722207,12.215171128515433,41551,1090,4160,0.005987999991470261,7790.458031567125,149
2020-09-24,7005043,202713,15.762140876206924,12.219546464572039,45202,885,3651,0.006473688984854675,7817.150555534612,-205
2020-09-25,7059624,203566,15.76990235026081,12.223745555607346,54581,853,9379,0.007761474053886275,7849.273470779375,-32
2020-09-26,7102321,204335,15.775932189999372,12.227516082823826,42697,769,-11884,0.0060298397385611935,7874.320620856822,-84
2020-09-27,7139619,204602,15.781169971547461,12.228821907622953,37298,267,-5399,0.005237781548089515,7896.142509372421,-502
2020-09-28,7176979,204952,15.786389100394274,12.230531084362548,37360,350,62,0.005219128846812637,7917.946823226208,83
2020-09-29,7220676,205878,15.792459135294969,12.23503903932277,43697,926,6337,0.0060700349006950205,7943.3817541052285,576
2020-09-30,7262734,206852,15.79826689993305,12.23975884068497,42058,974,-1639,0.005807764638081636,7967.794172482525,48
2020-10-01,7309152,207699,15.80463781952485,12.24384519521612,46418,847,4360,0.006370919591798696,7994.660042283731,-127
2020-10-02,7362732,208564,15.811941617481171,12.24800122755657,53580,865,7162,0.007303797956321745,8025.571262577119,18
2020-10-03,7410511,209273,15.818409955758277,12.251394898679342,47779,709,-5801,0.006468338277105801,8053.046394912699,-156
2020-10-04,7445574,209606,15.823130319852268,12.252984856973509,35063,333,-12716,0.004720364093991236,8073.156107504421,-376
2020-10-05,7507986,210035,15.83147781200912,12.255029462478927,62412,429,27349,0.00834749215685271,8108.841096547407,96
2020-10-06,7550848,210756,15.837170432798821,12.258456345209735,42862,721,-19550,0.005692620789700342,8133.267081203173,292
2020-10-07,7603865,211752,15.844167228619074,12.26317105757005,53017,996,10155,0.006996795820253254,8163.389833046074,275
2020-10-08,7660248,212680,15.851554917171796,12.267543967618275,56383,928,3366,0.007387688552721983,8195.316531965474,-68
2020-10-09,7719210,213595,15.859222585158506,12.2718369775545,58962,915,2579,0.007667667986709148,8228.585220244657,-13
2020-10-10,7770858,214187,15.865891140957896,12.274604744210972,51648,592,-7314,0.006668555799389964,8257.628691809665,-323
2020-10-11,7815641,214606,15.871637540227153,12.276559067781365,44783,419,-6865,0.005746399269257907,8282.738103055675,-173
2020-10-12,7863657,214957,15.87776232337775,12.278193287107133,48016,351,3233,0.006124783150596613,8309.584941565821,-68
2020-10-13,7918051,215783,15.884655647647929,12.282028552058087,54394,826,6378,0.006893324270178525,8339.904608727502,475
2020-10-14,7977904,216792,15.89218627828409,12.286693647497788,59853,1009,5459,0.007530630636161106,8373.153839933224,183
2020-10-15,8043257,217585,15.900344658626986,12.29034485776435,65353,793,5500,0.00815838034289662,8409.324285682434,-216
2020-10-16,8113720,218476,15.909067013895774,12.294431447668014,70463,891,5110,0.008722355268787396,8448.16793553552,98
2020-10-17,8166481,219154,15.91554865189453,12.297529958018965,52761,678,-17702,0.006481637998756895,8477.149032945892,-213
2020-10-18,8214363,219541,15.921394765363656,12.299294282209525,47882,387,-4879,0.005846113469125669,8503.3737798464,-291
2020-10-19,8279803,220058,15.92932973380787,12.301646426952175,65440,517,17558,0.007934968444214263,8539.098609597828,130
2020-10-20,8340397,220987,15.93662137512046,12.305859155240306,60594,929,-4846,0.007291641312589192,8572.059335934711,412
2020-10-21,8404634,222195,15.944293778368094,12.311310653684263,64237,1208,3643,0.007672403247633852,8606.878582593215,279
2020-10-22,8479762,223023,15.953192941336491,12.315030184137246,75128,828,10891,0.008899162968397434,8647.442327939429,-380
2020-10-23,8565059,223953,15.96320157821634,12.31919148739301,85297,930,10169,0.01000863687984932,8693.291630971293,102
2020-10-24,8643640,224825,15.972334348356167,12.323077600782716,78581,872,-6716,0.009132770139826718,8735.340648706659,-58
2020-10-25,8703355,225164,15.97921914147174,12.32458430456495,59715,339,-18866,0.006884793115572663,8767.173924279541,-533
2020-10-26,8777986,225701,15.987757554332713,12.32696639345598,74631,537,14916,0.008538412860973565,8806.814214589067,198
2020-10-27,8852373,226684,15.996196116635408,12.331312256148689,74387,983,-244,0.008438562302695019,8846.166998935538,446
2020-10-28,8934258,227702,16.005403658919136,12.3357930355003,81885,1018,7498,0.009207542283727221,8889.306476794633,35
2020-10-29,9024915,228706,16.01549964385632,12.34019261490941,90657,1004,8772,0.010095984937184,8936.850304815152,-14
2020-10-30,9124783,229674,16.026504676328145,12.34441619115174,99868,968,9211,0.01100503247182516,8988.964647128343,-36
2020-10-31,9208993,230512,16.03569106457725,12.348058200801255,84210,838,-15658,0.009186388249105448,9032.699391527378,-130
2020-11-01,9283188,230940,16.043715580250684,12.349913215505847,74195,428,-10015,0.008024515673433541,9071.07671608326,-410
2020-11-02,9377201,231480,16.053791875599135,12.352248755687775,94013,540,19818,0.010076295348451225,9119.497652924967,112
2020-11-03,9469617,232610,16.06359902083859,12.357118510403954,92416,1130,-1597,0.00980714523945636,9166.873348709325,590
2020-11-04,9577697,234226,16.074947724387428,12.364041740209357,108080,1616,15664,0.01134870354883688,9222.00310639597,486
2020-11-05,9699030,235334,16.08753643847328,12.368761060664447,121333,1108,13253,0.012588714085850938,9283.544465607441,-508
2020-11-06,9831853,236582,16.101137978936418,12.374050149863978,132823,1248,11490,0.013601540463138662,9350.498706175298,140
2020-11-07,9957785,237589,16.113865215270323,12.378297569102624,125932,1007,-6891,0.012727236333905267,9413.586307437321,-241
2020-11-08,10061201,238053,16.124197099208015,12.38024861693771,103416,464,-22516,0.0103318839376918,9465.113221495256,-543
2020-11-09,10191642,238798,16.137078530588468,12.383373285256132,130441,745,27025,0.012881431380453279,9529.750298951882,281
2020-11-10,10331392,240262,16.15069758516361,12.389485273556044,139750,1464,9309,0.01361905457514112,9598.568667690915,719
2020-11-11,10474277,241693,16.16443299991067,12.395423604749633,142885,1431,3135,0.013735414747060304,9668.478279558649,-33
2020-11-12,10637917,242865,16.1799352520355,12.400261012388963,163640,1172,20755,0.015502252124829141,9747.992327794786,-259
2020-11-13,10819414,244255,16.19685267095108,12.405968040524574,181497,1390,17857,0.016917418915582516,9835.511276005847,218
2020-11-14,10978447,245465,16.21144454506226,12.410909649861741,159033,1210,-22464,0.014591874111179237,9911.630254455238,-180
2020-11-15,11113634,246088,16.223683200841926,12.413444474523912,135187,623,-23846,0.012238655779665208,9975.927573311488,-587
2020-11-16,11280194,246884,16.238559002467852,12.416673869669234,166560,796,31373,0.014875801625926499,10054.641220485737,173
2020-11-17,11441833,248491,16.252786758353636,12.423161906559136,161639,1607,-4921,0.014227755885784177,10130.506712612545,811
2020-11-18,11614116,250415,16.267731812809835,12.430874820567253,172283,1924,10644,0.014945054456198648,10210.813404710862,317
2020-11-19,11801631,252376,16.283748300223326,12.438675317964892,187515,1961,15232,0.016016487413491376,10297.584106714989,37
2020-11-20,12000512,254333,16.300459873508746,12.446399710981636,198881,1957,11366,0.016711573285419945,10388.906512947042,-4
2020-11-21,12172457,255758,16.31468633447987,12.451986963872056,171945,1425,-26936,0.014226460971123345,10467.286507996967,-532
2020-11-22,12313295,256601,16.326190130905943,12.455277628272214,140838,843,-31107,0.01150379642607291,10531.098245185492,-582
2020-11-23,12493028,257639,16.34068128666656,12.459314659268417,179733,1038,38895,0.014491155760616437,10612.034767082512,195
2020-11-24,12670931,259848,16.354821030260734,12.467852123658844,177903,2209,-1830,0.014139743594174803,10691.608016323557,1171
2020-11-25,12851603,262161,16.368979108606943,12.47671409782987,180672,2313,2769,0.014158078346209635,10771.882174926535,104
2020-11-26,12954496,263339,16.376953467323464,12.481197454530907,102893,1178,-77779,0.007974358716520413,10817.360579438093,-1135
2020-11-27,13160382,264751,16.392721510795784,12.486545040604772,205886,1412,102993,0.015768043472320414,10907.852865134724,234
2020-11-28,13311528,265943,16.404140984683753,12.491037279087086,151146,1192,-54740,0.011419473887968934,10973.861048646431,-220
2020-11-29,13447900,266761,16.414333517992972,12.494108405427175,136372,818,-14774,0.010192533309218987,11033.114368475675,-374
2020-11-30,13615739,268031,16.426736960986425,12.498857924445335,167839,1270,31467,0.01240344299345253,11105.652258407254,452
2020-12-01,13799999,270639,16.44017907766366,12.508541108502449,184260,2608,16421,0.013442116677236271,11184.803013816894,1338
2020-12-02,14001210,273525,16.454654312416228,12.519148304344991,201211,2886,16951,0.014475234752566735,11270.667863362607,278
2020-12-03,14218973,276381,16.470087757508995,12.529535627557747,217763,2856,16552,0.015433445092767784,11362.9427428627,-30
2020-12-04,14450360,279018,16.48622988570719,12.539031574851458,231387,2637,13624,0.016142128198193717,11460.26302832362,-219
2020-12-05,14656033,281208,16.500362617531067,12.546849888016101,205673,2190,-25714,0.014132731823877975,11546.152722959541,-447
2020-12-06,14828141,282319,16.512037352244505,12.550792916262969,172108,1111,-33565,0.011674734713437829,11617.589503901418,-1079
2020-12-07,15032433,283853,16.525720624876115,12.556211777505501,204292,1534,32184,0.013683272631610066,11701.87906120573,423
2020-12-08,15252314,286674,16.540241787211613,12.566100960629731,219881,2821,15589,0.014521162335498161,11791.99891346607,1287
2020-12-09,15472050,289830,16.554545728314253,12.577049823179665,219736,3156,-145,0.014303941102639328,11881.449078083775,335
2020-12-10,15697271,292771,16.56899743355375,12.587146012448294,225221,2941,5485,0.014451705239498125,11972.512287477035,-215
2020-12-11,15977838,295726,16.58671319503168,12.597188628928214,280567,2955,55346,0.017715761477930414,12085.095585896648,14
2020-12-12,16185267,297981,16.599611941962667,12.604785005065628,207429,2255,-73138,0.012898746930986249,12167.73220609086,-700
2020-12-13,16369491,299338,16.610929855400254,12.609328648695147,184224,1357,-23205,0.011317913437586924,12240.706342027626,-898
2020-12-14,16570615,301016,16.62314150398255,12.614918698464454,201124,1678,16900,0.012211648582294288,12319.933841012566,321
2020-12-15,16773586,304041,16.6353159451679,12.624917839715483,202971,3025,1847,0.01217444118535127,12399.430316896935,1347
2020-12-16,17018628,307652,16.64981906681443,12.636724553041379,245042,3611,42071,0.014503121646530559,12494.802271462615,586
2020-12-17,17257055,310950,16.663731603337112,12.647387406532035,238427,3298,-6615,0.013912536522681762,12586.979751888848,-313
2020-12-18,17508278,313820,16.678184355622424,12.65657485211306,251223,2870,12796,0.014452752285311732,12683.456527684433,-428
2020-12-19,17702197,316381,16.68919931413506,12.664702462503628,193919,2561,-57304,0.011014958512635786,12757.481100412708,-309
2020-12-20,17882143,317810,16.699313175113787,12.669208998920723,179946,1429,-13973,0.010113860978727018,12825.83031052413,-1132
2020-12-21,18083756,319773,16.710524634715473,12.675366648050412,201613,1963,21667,0.011211459601685902,12902.025035741743,534
2020-12-22,18285416,323012,16.721614360195527,12.685444753217473,201660,3239,47,0.011089725480054824,12977.837668935917,1276
2020-12-23,18513204,326424,16.73399476519435,12.695952428780698,227788,3412,26128,0.012380404998822314,13063.000074919602,173
2020-12-24,18706752,329248,16.74439508617362,12.704566545175537,193548,2824,-34240,0.010400320979268685,13134.973577780613,-588
2020-12-25,18807725,330377,16.749778247657463,12.707989705615093,100973,1129,-92575,0.0053831614838451,13172.382340392141,-1695
2020-12-26,19024581,332023,16.76124243781641,12.71295952260751,216856,1646,115883,0.011464190158946508,13252.404874882008,517
2020-12-27,19176674,333253,16.769205202580473,12.716657240250997,152093,1230,-64763,0.007962764764062769,13308.272579048862,-416
2020-12-28,19365727,335152,16.779015412183448,12.722339439245548,189053,1899,36960,0.009810209602974851,13377.42605795259,669
2020-12-29,19566819,338780,16.789345781449143,12.733106208140374,201092,3628,12039,0.010330369265695083,13450.634617610805,1729
2020-12-30,19795855,342588,16.800983130315025,12.74428383798902,229036,3808,27944,0.011637348865882302,13533.58530965818,180
2020-12-31,20026877,346050,16.812585779360006,12.75433855227001,231022,3462,1986,0.011602649044981206,13616.797862622,-346
2021-01-01,20174150,347970,16.819912639882055,12.759871548144032,147273,1920,-83749,0.007326860522049117,13669.608390396308,-1542
2021-01-02,20465532,350343,16.834252663173007,12.766667953579097,291382,2373,144109,0.014340023290952075,13773.561742629649,453
2021-01-03,20667499,351694,16.844072927723822,12.770516758322238,201967,1351,-89415,0.009820264550814528,13845.206196156792,-1022
2021-01-04,20919448,353743,16.856189810579604,12.776325939757934,251949,2049,49982,0.012116882855782052,13934.119519277965,698
2021-01-05,21154475,357432,16.86736202500019,12.786700413233813,235027,3689,-16922,0.011172214420586357,14016.606698174925,1640
2021-01-06,21410474,361396,16.879390799508094,12.797729589010391,255999,3964,20972,0.012028774507903961,14105.963976562143,275
2021-01-07,21690778,365507,16.89239775122386,12.809040709835362,280304,4111,24305,0.01300695171576649,14203.228824861311,147
2021-01-08,21991447,369402,16.90616416300361,12.819640760917785,300669,3895,20365,0.013766411779748466,14306.903401923195,-216
2021-01-09,22243548,372663,16.91756254699682,12.828429804982457,252101,3261,-48568,0.01139838399321036,14393.316786756663,-634
2021-01-10,22451857,374440,16.926883885880883,12.833186855485682,208309,1777,-43792,0.009321338884063834,14464.37142961966,-1484
2021-01-11,22679873,376488,16.93698843716088,12.838641453204186,228016,2048,19707,0.010104551279997764,14541.792560663544,271
2021-01-12,22909703,380894,16.94707109057437,12.850276400176705,229830,4406,1814,0.010082653413487463,14619.458908088931,2358
2021-01-13,23139117,384824,16.957035119969753,12.860541365891127,229414,3930,-416,0.009964029395383989,14696.618953976324,-476
2021-01-14,23377849,388804,16.967299508064915,12.870830639581342,238732,3980,9318,0.010264388095162502,14776.530745050466,50
2021-01-15,23618820,392553,16.977554409822567,12.880426838935755,240971,3749,2239,0.010254901757651425,14856.802537453565,-231
2021-01-16,23820341,395894,16.98605043749005,12.88890177763712,201521,3341,-39450,0.008496027667483474,14923.636625388113,-408
2021-01-17,23989827,397624,16.993140423451816,12.893262114115872,169486,1730,-32035,0.007089985961766132,14979.640124130266,-1611
2021-01-18,24132320,399065,16.999062578855998,12.896879589872222,142493,1441,-26993,0.00592215540418195,15026.580013303372,-289
2021-01-19,24318005,401836,17.006727580447492,12.903799324163751,185685,2771,43192,0.007665001591494303,15087.55239204093,1330
2021-01-20,24504921,406216,17.014384512488718,12.914640316815996,186916,4380,1231,0.007656932041225417,15148.707562001287,1609
2021-01-21,24695191,410351,17.022119086286136,12.924768169998961,190270,4135,3354,0.00773457379741771,15210.734487513304,-245
2021-01-22,24887106,414082,17.029860395988692,12.933819300827498,191915,3731,1645,0.007741309702556265,15273.069703049485,-404
2021-01-23,25054931,417404,17.036581212430843,12.941809856713004,167825,3322,-24090,0.006720816442150834,15327.394718079537,-409
2021-01-24,25184350,419219,17.04173332781553,12.946148735389329,129419,1815,-38406,0.005152115384685629,15369.170557735764,-1507
2021-01-25,25340358,421126,17.04790886061856,12.950687355297902,156008,1907,26589,0.006175532803030848,15419.394804443116,92
2021-01-26,25492063,425223,17.053877706776834,12.960369016178909,151705,4097,-4303,0.005968846158275198,15468.094067319807,2190
2021-01-27,25647812,429326,17.059968823798368,12.969971816087106,155749,4103,4044,0.006091117021533421,15517.94947662402,6
2021-01-28,25813099,433194,17.066392634227412,12.978940943597543,165287,3868,9538,0.006423810429044607,15570.702043877429,-235
2021-01-29,25978829,436794,17.072792495057723,12.987216967054753,165730,3600,443,0.006399860830310189,15623.436241971958,-268
2021-01-30,26112633,439435,17.077929778180085,12.993245089834167,133804,2641,-31926,0.0051372831223623905,15665.896106786062,-959
2021-01-31,26226087,441299,17.082265160386697,12.997477929222894,113454,1864,-20350,0.004335382206612337,15701.817983413426,-777
2021-02-01,26366205,443249,17.08759363443481,13.001886967870739,140118,1950,26664,0.005328474048113208,15746.081204849044,86
2021-02-02,26484115,446860,17.092055677261822,13.010000625433477,117910,3611,-22208,0.004462042827011459,15783.24301601892,1661
2021-02-03,26604355,450703,17.096585482155486,13.01856386496899,120240,3843,2330,0.004529804893664391,15821.058881451407,232
2021-02-04,26730274,455820,17.10130733871726,13.029853273725323,125919,5117,5679,0.004721856561772597,15860.574479077655,1274
2021-02-05,26859879,459390,17.106144244209307,13.037654801477363,129605,3570,3686,0.0048369054920485155,15901.155204451878,-1547
2021-02-06,26964834,462052,17.1100441306062,13.043432717842691,104955,2662,-24650,0.0038998863968942032,15933.950101287512,-908
2021-02-07,27052116,463353,17.11327578570563,13.046244461581123,87282,1301,-17673,0.003231655099426689,15961.176945948304,-1361
2021-02-08,27145182,464936,17.11671013003305,13.049655040688407,93066,1583,5784,0.003434344327420291,15990.162444346295,282
2021-02-09,27241673,468106,17.12025845439341,13.056450044979995,96491,3170,3425,0.0035483243603628978,16020.165203659339,1587
2021-02-10,27336672,471360,17.123739655442623,13.063377412256402,94999,3254,-1492,0.0034812010492117906,16049.655104176627,84
2021-02-11,27442344,475238,17.12759777991417,13.071571010163401,105672,3878,10673,0.00385812447154521,16082.401409357653,624
2021-02-12,27541997,480701,17.13122256134465,13.083000734179452,99653,5463,-6019,0.003624781430481505,16113.228050683425,1585
2021-02-13,27626687,484073,17.134292783810928,13.089991000771885,84690,3372,-14963,0.003070222466277528,16139.384702982936,-2091
2021-02-14,27690482,485154,17.136599302001784,13.092221645292177,63795,1081,-20895,0.002306518190856366,16159.062927635987,-2291
2021-02-15,27745804,486148,17.13859517951655,13.094268383272743,55322,994,-8473,0.0019958775147657093,16176.110259413359,-87
2021-02-16,27810426,487855,17.140921544323678,13.097773509535537,64622,1707,9300,0.002326364807128556,16196.003069458824,713
2021-02-17,27880636,490326,17.143442955648055,13.102825754991253,70210,2471,5588,0.0025214113243769987,16217.59135145405,764
2021-02-18,27952516,492951,17.146017771403102,13.108165056604436,71880,2625,1670,0.0025748157550467,16239.666574648498,154
2021-02-19,28030615,495572,17.148807863678012,13.113467929965958,78099,2621,6219,0.0027900922749104495,16263.62139385728,-4
2021-02-20,28100359,497403,17.151292910023077,13.117155841696341,69744,1831,-8355,0.0024850463450647453,16284.986935045767,-790
2021-02-21,28155556,498650,17.153255264300412,13.119659725830013,55197,1247,-14547,0.0019623542773352654,16301.878385640603,-584
2021-02-22,28215087,500104,17.155367392846866,13.122571355775328,59531,1454,4334,0.0021121285464538175,16320.078630979,207
2021-02-23,28287032,502432,17.157914024376993,13.127215586375248,71945,2328,12414,0.002546631530126575,16342.05001421067,874
2021-02-24,28361221,505642,17.160533312298035,13.133584187984948,74189,3210,2244,0.0026192879210427122,16364.679103925155,882
2021-02-25,28439075,508107,17.163274637757155,13.138447334302512,77854,2465,3665,0.002741325459119537,16388.39608100236,-745
2021-02-26,28517373,510283,17.16602403846847,13.14272075276013,78298,2176,444,0.002749400711316241,16412.21744288995,-289
2021-02-27,28580074,511850,17.168220319685876,13.145786892347918,62701,1567,-15597,0.002196281217404561,16431.271338095554,-609
2021-02-28,28630999,512979,17.170000569933926,13.147990187642504,50925,1129,-11776,0.0017802502480499527,16446.732174965313,-438
2021-03-01,28687745,514404,17.171980586053582,13.15076422792508,56746,1425,5821,0.0019800161196563693,16463.94499358935,296
2021-03-02,28745562,515710,17.173993948074706,13.153299870969912,57817,1306,1071,0.00201336202112401,16481.466167411934,-119
2021-03-03,28812302,518079,17.176313006680175,13.157883019265714,66740,2369,8923,0.002319058605468882,16501.670755704366,1063
2021-03-04,28879699,520028,17.178649449496913,13.161637935261805,67397,1949,657,0.002336442816737616,16522.051847523653,-420
2021-03-05,28945483,522511,17.18092472217585,13.166401315231079,65784,2483,-1613,0.0022752726789363464,16541.92353391578,534
2021-03-06,29002069,523970,17.182877730233415,13.169189709755829,56586,1459,-9198,0.0019530080575655973,16558.999697407093,-1024
2021-03-07,29042198,524646,17.184260433761857,13.170479028426621,40129,676,-16457,0.001382703528442164,16571.10004795626,-783
2021-03-08,29136703,525466,17.187509208884695,13.172040766920547,94505,820,54376,0.0032487751228380546,16599.56561420929,144
2021-03-09,29192684,527351,17.189428687900925,13.175621639976784,55981,1885,-38524,0.001919479016230241,16616.406942167647,1065
2021-03-10,29251009,528825,17.19142462677367,13.178412843255352,58325,1474,2344,0.0019959388727457394,16633.937240978008,-411
2021-03-11,29313542,530349,17.19356015151337,13.181290559384559,62533,1524,4208,0.00213552473969969,16652.713998162963,50
2021-03-12,29377887,532054,17.195752806450415,13.184500266932021,64345,1705,1812,0.002192654937044125,16672.01512824318,181
2021-03-13,29427467,533927,17.197439047868095,13.188014404477622,49580,1873,-14765,0.0016862414176799234,16686.873701716777,168
2021-03-14,29465473,534496,17.198729729069473,13.189079525789674,38006,569,-11574,0.0012906812013788738,16698.25568148416,-1304
2021-03-15,29522684,535245,17.20066947497266,13.190479864979059,57211,749,19205,0.0019397459031864628,16715.376093943672,180
2021-03-16,29577328,536490,17.202518679861875,13.192803201550191,54644,1245,-2567,0.001849204889214917,16731.713722631262,496
2021-03-17,29636284,537667,17.204509979412435,13.194994688401847,58956,1177,4312,0.0019912995505606546,16749.32460476435,-68
2021-03-18,29696901,539225,17.20655325489443,13.197888202490574,60617,1558,1661,0.0020432754819950105,16767.414423862636,381
2021-03-19,29757623,540739,17.208595892427375,13.200692001490973,60722,1514,105,0.0020426375329449797,16785.518121217887,-44
2021-03-20,29812043,541511,17.21042299735488,13.20211865915961,54420,772,-6302,0.0018271049275035978,16801.728133167355,-742
2021-03-21,29846260,541959,17.211570096820715,13.202945631804042,34217,448,-20203,0.0011470994658360212,16811.913157441108,-324
2021-03-22,29901118,542607,17.213406428966227,13.204140579971524,54858,648,20641,0.001836332145511932,16828.230688623793,200
2021-03-23,29957986,543500,17.215306491389775,13.205784985543401,56868,893,2010,0.0019000624235481212,16845.131193032652,245
2021-03-24,30037900,545090,17.21797047562567,13.208706197626345,79914,1590,23046,0.0026639842358946453,16868.855142087294,697
2021-03-25,30107220,546360,17.220275568065222,13.211033378116827,69320,1270,-10594,0.0023050924395526806,16889.409960546014,-320
2021-03-26,30181868,547620,17.222751904683438,13.213336894738978,74648,1260,5328,0.0024763366182156688,16911.51969033298,-10
2021-03-27,30242560,548400,17.224760761777137,13.214760226670297,60692,780,-13956,0.0020088570936991346,16929.476834109304,-480
2021-03-28,30287086,548890,17.22623197500813,13.215653336117335,44526,490,-16166,0.0014712132309924186,16942.640080470053,-290
2021-03-29,30357885,549575,17.22856684403343,13.216900531228317,70799,685,26273,0.0023348690253008897,16963.551643877658,195
2021-03-30,30420249,550522,17.23061903016626,13.218622198015737,62364,947,-8435,0.0020521861328290925,16981.952750301756,262
2021-03-31,30488335,551657,17.232854709405142,13.220681755313057,68086,1135,5722,0.002235679238882682,17002.021879286374,188
2021-04-01,30565647,552614,17.235387289223542,13.222415025931568,77312,957,9226,0.002532579818399938,17024.784859478645,-178
2021-04-02,30634224,553570,17.237628373316745,13.22414349106578,68577,956,-8735,0.002241084093203227,17044.953270617916,-1
2021-04-03,30698302,554323,17.239717901581546,13.225502828322988,64078,753,-4499,0.0020895282648005775,17063.77929084366,-203
2021-04-04,30735137,554595,17.240917085772235,13.225993396616504,36835,272,-27243,0.0011991841906890954,17074.592967534856,-481
2021-04-05,30811990,555125,17.243414457906063,13.226948592594404,76853,530,40018,0.0024973721338277244,17097.13508892505,258
2021-04-06,30874010,556034,17.245425287621,13.228584722442205,62020,909,-14833,0.0020108297149370458,17115.30713868961,379
2021-04-07,30947200,558605,17.24779308450478,13.233197883401955,73190,2571,11170,0.0023677968837816366,17136.729893848704,1662
2021-04-08,31027825,559607,17.250394940509956,13.23499003063018,80625,1002,7435,0.0026018560051745965,17160.30122912202,-1569
2021-04-09,31109411,560553,17.25302093587556,13.236679075453958,81586,946,961,0.0026259953656051493,17184.12412442378,-56
2021-04-10,31174128,561257,17.25509907800846,13.23793419012118,64717,704,-16869,0.002078142132898364,17203.000360814,-242
2021-04-11,31222159,561558,17.25663862504872,13.238470342572315,48031,301,-16686,0.0015395470402594924,17216.997783548428,-403
2021-04-12,31294410,562023,17.258950045311327,13.239298053305316,72251,465,24220,0.0023114202626075553,17238.03439427188,164
2021-04-13,31371856,563006,17.261421743223835,13.241045564258645,77446,983,5195,0.0024716979125081195,17260.558154460046,518
2021-04-14,31447721,563941,17.26383707425613,13.242704915079118,75865,935,-1581,0.0024153310322958532,17282.596689807728,-48
2021-04-15,31521485,564858,17.266179934788337,13.244329651106918,73764,917,-2101,0.0023428605322060037,17304.000854714162,-18
2021-04-16,31599934,565793,17.268665589947364,13.245983565910223,78449,935,4685,0.0024856551590275444,17326.73855754449,18
2021-04-17,31653665,566470,17.270364497638724,13.247179401295954,53731,677,-24718,0.001698907691359608,17342.296618293243,-258
2021-04-18,31695230,566828,17.271676754339165,13.247811185719659,41565,358,-12166,0.0013122567004408836,17354.32341217328,-319
2021-04-19,31765720,567313,17.273898278882683,13.248666458617057,70490,485,28925,0.002221524543518427,17374.702631430642,127
2021-04-20,31826472,568148,17.275808954283907,13.250137227142828,60752,835,-9738,0.0019106754012234717,17392.249406719548,350
2021-04-21,31889346,568985,17.27778253077971,13.251609350722319,62874,837,2122,0.0019735764958035418,17410.39244049687,2
2021-04-22,31955703,569896,17.279861220511588,13.253209167023236,66357,911,3483,0.0020786897318778585,17429.522240574068,74
2021-04-23,32019455,570769,17.28185424477587,13.254739853369276,63752,873,-2605,0.001993024264283605,17447.883412163046,-38
2021-04-24,32070030,571494,17.283432507122594,13.256009263474226,50575,725,-13177,0.0015782623467224255,17462.43721992484,-148
2021-04-25,32103692,571776,17.284481597062783,13.256502585271736,33662,282,-16913,0.0010490899401887077,17472.11802606895,-443
2021-04-26,32151155,572255,17.285958933352525,13.257339975216572,47463,479,13801,0.001477336289742226,17485.75970944363,197
2021-04-27,32203160,572968,17.287575142345514,13.258585147715069,52005,713,4542,0.0016162089929885326,17500.69593846613,234
2021-04-28,32258045,573902,17.289278027461084,13.26021392901807,54885,934,2880,0.0017028851155700409,17516.44698851588,221
2021-04-29,32316020,574776,17.29107364047002,13.261735678661854,57975,874,3090,0.00179561300893738,17533.071090735622,-60
2021-04-30,32374308,575636,17.292875703238163,13.26323079547253,58288,860,313,0.0018020627681423207,17549.770766593258,-14
2021-05-01,32418991,576351,17.294254951023756,13.264472129084476,44683,715,-13605,0.001379247785592952,17562.56296913647,-145
2021-05-02,32448664,576663,17.295169829234464,13.265013319404135,29673,312,-15010,9.148782107075704e-4,17571.05339467383,-403
2021-05-03,32498647,577122,17.29670901566415,13.265808961615143,49983,459,20310,0.001539186429685202,17585.34690498045,147
2021-05-04,32539659,578029,17.2979701802903,13.267379319406272,41012,907,-8971,0.0012611646261504461,17597.067257207622,448
2021-05-05,32584502,578805,17.299347334526107,13.268720912264698,44843,776,3831,0.0013771542358078648,17609.874454321525,-131
2021-05-06,32632201,579637,17.300810119558502,13.270157324520216,47699,832,2856,0.00146278503239472,17623.488204436144,56
2021-05-07,32679878,580449,17.302270094778972,13.271557220963423,47677,812,-22,0.0014599752204702554,17637.086297389924,-20
2021-05-08,32713674,581056,17.30330371359842,13.272602416731429,33796,607,-13881,0.001033618819448634,17646.719683121064,-205
2021-05-09,32736063,581302,17.303987872218443,13.273025694247776,22389,246,-11407,6.841586200216909e-4,17653.098973618646,-361
2021-05-10,32772514,581669,17.30510073424144,13.273656836403827,36451,367,14062,0.0011128620229960973,17663.480543428836,121
2021-05-11,32806602,582362,17.306140333587976,13.274847526483171,34088,693,-2363,0.001039599346537301,17673.184181747867,326
2021-05-12,32842140,583210,17.307223004859008,13.276302606305988,35538,848,1450,0.0010826712710318986,17683.295520267293,155
2021-05-13,32880674,583990,17.308395626725613,13.277639138376088,38534,780,2996,0.0011726218666048283,17694.253455259255,-68
2021-05-14,32921713,584722,17.309642967656295,13.278891799588976,41039,732,2505,0.0012473409306821281,17705.91707860831,-48
2021-05-15,32950735,585281,17.31052412518904,13.279847352767105,29022,559,-12017,8.811575327456467e-4,17714.16123109056,-173
2021-05-16,32967472,585573,17.311031936342328,13.280346134008921,16737,292,-12285,5.07811153287463e-4,17718.914080030543,-267
2021-05-17,32996738,585957,17.311919266060073,13.281001687027201,29266,384,12529,8.873297177451889e-4,17727.22208666399,92
2021-05-18,33024648,586824,17.312764749723883,13.28248022421009,27910,867,-1356,8.454836638094321e-4,17735.141915393047,483
2021-05-19,33053583,587499,17.3136405298836,13.283629822871342,28935,675,1025,8.757801597170101e-4,17743.349268310187,-192
